{
  "project_info": {
    "project_number": "123091249803",
    "project_id": "bites-app-42fd8",
    "storage_bucket": "bites-app-42fd8.appspot.com"
  },
  "client": [
    {
      "client_info": {
        "mobilesdk_app_id": "1:123091249803:android:5bb41c097a277d5578428e",
        "android_client_info": {
          "package_name": "com.example.bitesapp"
        }
      },
      "oauth_client": [],
      "api_key": [
        {
          "current_key": "AIzaSyBOqGxs-gJnkWlQ9fgHRMCcFgvQ38ShcHc"
        }
      ],
      "services": {
        "appinvite_service": {
          "other_platform_oauth_client": []
        }
      }
    }
  ],
  "configuration_version": "1"
}